{
    "-15.0": 4071.150483405625,
    "-14.0": 4059.24274320644,
    "-13.0": 4047.369625366175,
    "-12.0": 4035.567910951495,
    "-11.0": 4023.860483143865,
    "-10.0": 4012.2652904089837,
    "-9.0": 4000.8001063439187,
    "-8.0": 3989.4853705147207,
    "-7.0": 3978.3468240636107,
    "-6.0": 3967.418984411391,
    "-5.0": 3956.749854897145,
    "-4.0": 3946.407434052243,
    "-3.0": 3936.4980746948727,
    "-2.0": 3927.2443903448366,
    "-1.0": 3919.182804609898,
    "0.0": 3913.2938138956615,
    "1.0": 3910.55639756512,
    "2.0": 3911.073928075407,
    "3.0": 3913.951354885388,
    "4.0": 3918.057142854077,
    "5.0": 3922.604026376919,
    "6.0": 3927.2005838929076,
    "7.0": 3931.6976682686636,
    "8.0": 3936.062528868488,
    "9.0": 3940.3065227553016,
    "10.0": 3944.448584050346,
    "11.0": 3948.503236133787,
    "12.0": 3952.4803184483485,
    "13.0": 3956.38723806369,
    "14.0": 3960.2305804570183,
    "15.0": 3964.016815502299,
    "TrueParams": {
        "rel_heading": 0.0,
        "cardinality": 2
    }
}