{
    "-15.0": 4103.397802408671,
    "-14.0": 4099.1574684271345,
    "-13.0": 4094.9614124302966,
    "-12.0": 4090.8192463938085,
    "-11.0": 4086.7400487186023,
    "-10.0": 4082.7328697155467,
    "-9.0": 4078.8059487214246,
    "-8.0": 4074.964917030013,
    "-7.0": 4071.2117770946197,
    "-6.0": 4067.5505352757327,
    "-5.0": 4064.008031859132,
    "-4.0": 4060.6669970700714,
    "-3.0": 4057.695233583404,
    "-2.0": 4055.393850287179,
    "-1.0": 4054.344722445811,
    "0.0": 4055.5652505126973,
    "1.0": 4060.11162832232,
    "2.0": 4068.1379481732597,
    "3.0": 4078.7602148926935,
    "4.0": 4090.868320456367,
    "5.0": 4103.699177589835,
    "6.0": 4116.860553850696,
    "7.0": 4130.170637850295,
    "8.0": 4143.541763276709,
    "9.0": 4156.927492949526,
    "10.0": 4170.301711335633,
    "11.0": 4183.649807492913,
    "12.0": 4196.964159441351,
    "13.0": 4210.241351461467,
    "14.0": 4223.480290814305,
    "15.0": 4236.680909647137,
    "TrueParams": {
        "rel_heading": -3.0,
        "cardinality": 2
    }
}