{
    "-15.0": 3807.0520703649504,
    "-14.0": 3805.8878091640586,
    "-13.0": 3804.8047238785384,
    "-12.0": 3803.8116819706593,
    "-11.0": 3802.918480202794,
    "-10.0": 3802.135980101771,
    "-9.0": 3801.4763363025672,
    "-8.0": 3800.953495663496,
    "-7.0": 3800.584347327248,
    "-6.0": 3800.391077978542,
    "-5.0": 3800.4048701613824,
    "-4.0": 3800.6694162041267,
    "-3.0": 3801.245298734321,
    "-2.0": 3802.2555165533618,
    "-1.0": 3804.1073832127972,
    "0.0": 3807.8240811581118,
    "1.0": 3814.650046311791,
    "2.0": 3824.8642823988744,
    "3.0": 3837.5745260315603,
    "4.0": 3851.6092506866057,
    "5.0": 3866.1219098506326,
    "6.0": 3880.6245002655874,
    "7.0": 3894.85525382788,
    "8.0": 3908.7289302844033,
    "9.0": 3922.296715901358,
    "10.0": 3935.6346643567344,
    "11.0": 3948.771964176787,
    "12.0": 3961.6992149793464,
    "13.0": 3974.4104580624175,
    "14.0": 3986.930290050077,
    "15.0": 3999.301393283946,
    "TrueParams": {
        "rel_heading": -7.0,
        "cardinality": 2
    }
}