{
    "-15.0": 4429.433156234338,
    "-14.0": 4413.76022001359,
    "-13.0": 4397.955682137194,
    "-12.0": 4382.0549241584995,
    "-11.0": 4366.061304068065,
    "-10.0": 4349.992878086204,
    "-9.0": 4333.893027177431,
    "-8.0": 4317.801242193521,
    "-7.0": 4301.718522675119,
    "-6.0": 4285.58802545946,
    "-5.0": 4269.324516326105,
    "-4.0": 4252.930125028783,
    "-3.0": 4236.6000723731395,
    "-2.0": 4220.7254330871065,
    "-1.0": 4205.967393371227,
    "0.0": 4193.458080172617,
    "1.0": 4184.501703854941,
    "2.0": 4179.5640601667355,
    "3.0": 4177.904134067222,
    "4.0": 4178.317830969614,
    "5.0": 4179.845756420202,
    "6.0": 4181.916719833899,
    "7.0": 4184.224084327576,
    "8.0": 4186.604626233408,
    "9.0": 4188.972412146928,
    "10.0": 4191.2867873731775,
    "11.0": 4193.534717064706,
    "12.0": 4195.718732915488,
    "13.0": 4197.848379292169,
    "14.0": 4199.934926842324,
    "15.0": 4201.988758649075,
    "TrueParams": {
        "rel_heading": 2.0,
        "cardinality": 2
    }
}