{
    "-15.0": 4310.083376557673,
    "-14.0": 4295.5762034968675,
    "-13.0": 4280.801666876788,
    "-12.0": 4265.83416139235,
    "-11.0": 4250.6705906648385,
    "-10.0": 4235.292680122509,
    "-9.0": 4219.712200908354,
    "-8.0": 4203.948110769987,
    "-7.0": 4188.03146633342,
    "-6.0": 4172.016053215146,
    "-5.0": 4155.997457911485,
    "-4.0": 4140.15259410757,
    "-3.0": 4124.713850847596,
    "-2.0": 4109.985374324839,
    "-1.0": 4096.540468987234,
    "0.0": 4085.435728220715,
    "1.0": 4077.8427856984586,
    "2.0": 4074.087684158254,
    "3.0": 4073.353168685705,
    "4.0": 4074.41343663621,
    "5.0": 4076.3444444680094,
    "6.0": 4078.660980245839,
    "7.0": 4081.1511783384117,
    "8.0": 4083.7223443444877,
    "9.0": 4086.328391970991,
    "10.0": 4088.943987849309,
    "11.0": 4091.555272523142,
    "12.0": 4094.1554776728462,
    "13.0": 4096.742198585411,
    "14.0": 4099.31553824461,
    "15.0": 4101.876874451942,
    "TrueParams": {
        "rel_heading": 5.0,
        "cardinality": 2
    }
}